<?xml version="1.0"?>
<!DOCTYPE modelelement SYSTEM "..\..\..\..\..\nonjavafiles\modelelement.dtd">
<modelelement>
     <name>assocation_1</name>
     <type>assocation</type>
     <attribute>
          <attributename>endText</attributename>
          <attributetype>String</attributetype>
          <attributekeyinformation>nonkey                                                                                                                                                                                              </attributekeyinformation>
          <attributevalue>
               <simplevalue></simplevalue>
          </attributevalue>
     </attribute>
     <attribute>
          <attributename>middleText</attributename>
          <attributetype>String</attributetype>
          <attributekeyinformation>key                                                                                                                                                                                              </attributekeyinformation>
          <attributevalue>
               <simplevalue></simplevalue>
          </attributevalue>
     </attribute>
     <attribute>
          <attributename>startText</attributename>
          <attributetype>String</attributetype>
          <attributekeyinformation>nonkey                                                                                                                                                                                              </attributekeyinformation>
          <attributevalue>
               <simplevalue></simplevalue>
          </attributevalue>
     </attribute>
</modelelement>
