<?xml version="1.0"?>
<!DOCTYPE modelelement SYSTEM "..\..\..\..\..\nonjavafiles\modelelement.dtd">
<modelelement>
     <name>class$dfd</name>
     <type>class</type>
     <attribute>
          <attributename>attribute</attributename>
          <attributetype>MultiLinesText</attributetype>
          <attributekeyinformation>nonkey                                                                                                                                                                                                                                                                                                                                                                                                                                                                                                                                                                                                                                                                          </attributekeyinformation>
          <attributevalue>
               <vector>
               </vector>
          </attributevalue>
     </attribute>
     <attribute>
          <attributename>method</attributename>
          <attributetype>MultiLinesText</attributetype>
          <attributekeyinformation>nonkey                                                                                                                                                                                                                                                                                                                                                                                                                                                                                                                                                                                                                                                                          </attributekeyinformation>
          <attributevalue>
               <vector>
               </vector>
          </attributevalue>
     </attribute>
     <attribute>
          <attributename>name</attributename>
          <attributetype>String</attributetype>
          <attributekeyinformation>key                                                                                                                                                                                                                                                                                                                                                                                                                                                                                                                                                                                                                                                                          </attributekeyinformation>
          <attributevalue>
               <simplevalue>dfd</simplevalue>
          </attributevalue>
     </attribute>
</modelelement>
