<?xml version="1.0"?>
<!DOCTYPE model SYSTEM "..\..\..\nonjavafiles\model.dtd">
<model>
            <name>dd</name>
            <location>models\using_UMLtool\dd</location>
            <description></description>
            <toolname>UMLtool</toolname>
            <view>
                        <viewname>ee</viewname>
                        <viewtype>classdiagram</viewtype>
            </view>
            <view>
                        <viewname>e</viewname>
                        <viewtype>classdiagram</viewtype>
            </view>
</model>
