<?xml version="1.0"?>
<!DOCTYPE modelelement SYSTEM "..\..\..\..\..\nonjavafiles\modelelement.dtd">
<modelelement>
     <name>call$ere</name>
     <type>call</type>
     <attribute>
          <attributename>method</attributename>
          <attributetype>String</attributetype>
          <attributekeyinformation>key                                                                                                                                                                                                                                                                                                                                                                                                                                                                                                                                                                           </attributekeyinformation>
          <attributevalue>
               <simplevalue>ere</simplevalue>
          </attributevalue>
     </attribute>
</modelelement>
