<?xml version="1.0"?>
<!DOCTYPE modelelement SYSTEM "..\..\..\..\..\nonjavafiles\modelelement.dtd">
<modelelement>
     <name>implements_9</name>
     <type>implements</type>
     <attribute>
          <attributename>label</attributename>
          <attributetype>String</attributetype>
          <attributekeyinformation>key                                                                                                                                                                                                                                                                                                                                                                                                                                                                                                                                                                                                                                                                               </attributekeyinformation>
          <attributevalue>
               <simplevalue></simplevalue>
          </attributevalue>
     </attribute>
</modelelement>
