<?xml version="1.0"?>
<!DOCTYPE model SYSTEM "..\..\..\nonjavafiles\model.dtd">
<model>
            <name>hjhj</name>
            <location>models\Using_UMLTool\hjhj</location>
            <description></description>
            <toolname>UMLTool</toolname>
            <view>
                        <viewname>kkk</viewname>
                        <viewtype>classdiagram</viewtype>
            </view>
            <view>
                        <viewname>ERE</viewname>
                        <viewtype>objectdiagram</viewtype>
            </view>
            <view>
                        <viewname>DFD</viewname>
                        <viewtype>testdiagram</viewtype>
            </view>
</model>
