<?xml version="1.0"?>
<!DOCTYPE model SYSTEM "..\..\..\nonjavafiles\model.dtd">
<model>
            <name>model0</name>
            <location>models\using_UMLTool\model0</location>
            <description></description>
            <toolname>UMLTool</toolname>
            <view>
                        <viewname>jj</viewname>
                        <viewtype>classdiagram</viewtype>
            </view>
            <view>
                        <viewname>kkk</viewname>
                        <viewtype>classdiagram</viewtype>
            </view>
</model>
