<?xml version="1.0"?>
<!DOCTYPE modelelement SYSTEM "..\..\..\..\..\nonjavafiles\modelelement.dtd">
<modelelement>
     <name>object_2</name>
     <type>object</type>
     <attribute>
          <attributename>name</attributename>
          <attributetype>String</attributetype>
          <attributekeyinformation>key                                                                                                                                                                                                                                                                                                                                                                                                                                                                                                                                                                           </attributekeyinformation>
          <attributevalue>
               <simplevalue></simplevalue>
          </attributevalue>
     </attribute>
</modelelement>
