<?xml version="1.0"?>
<!DOCTYPE model SYSTEM "..\..\..\nonjavafiles\model.dtd">
<model>
            <name>ddd</name>
            <location>models\using_mmmyool\ddd</location>
            <description></description>
            <toolname>mmmyool</toolname>
            <view>
                        <viewname>cvv</viewname>
                        <viewtype>vtA</viewtype>
            </view>
            <view>
                        <viewname>vtA_0</viewname>
                        <viewtype>vtA</viewtype>
            </view>
</model>
